age;temperature_minimum_average;pollen_Psylvestris;pollen_Puncinata;pollen_Bpendula;pollen_Cavellana;pollen_Qpetraea;real_charcoal;ignitions;charcoal_sum;charcoal_Psylvestris;charcoal_Puncinata;charcoal_Bpendula;charcoal_Cavellana;charcoal_Qpetraea 
-15000;-4.3409604549408005;0;0;0;0;0;0;0;0;0;0;0;0;0
-14999;-6.0409604549408;0;0;0;0;0;0;0;0;0;0;0;0;0
-14998;-4.8409604549408005;0;0;0;0;0;0;0;0;0;0;0;0;0
-14997;-4.2409604549408;0;0;0;0;0;0;0;0;0;0;0;0;0
-14996;-4.7409604549408;0;0;0;0;0;0;0;0;0;0;0;0;0
-14995;-4.4409604549408;0;0;0;0;0;0;0;0;0;0;0;0;0
-14994;-4.6409604549407995;0;0;0;0;0;0;0;0;0;0;0;0;0
-14993;-4.7409604549408;0;0;0;0;0;0;0;0;0;0;0;0;0
-14992;-5.1409604549407995;0;0;0;0;0;0;0;0;0;0;0;0;0
-14991;-3.1409604549408;0;0;0;0;0;0;0;0;0;0;0;0;0
-14990;-3.9409604549407997;0;0;0;0;0;0;0;0;0;0;0;0;0
-14989;-5.740960454940799;0;0;0;0;0;0;0;0;0;0;0;0;0
-14988;-3.6409604549408;0;0;0;0;0;0;0;0;0;0;0;0;0
-14987;-5.0409604549408;0;0;0;0;0;0;0;0;0;0;0;0;0
-14986;-4.5409604549408;0;0;0;0;0;0;0;0;0;0;0;0;0
-14985;-4.0409604549408;0;0;0;0;0;0;0;0;0;0;0;0;0
-14984;-5.3409604549408005;0;0;0;0;0;0;0;0;0;0;0;0;0
-14983;-4.7409604549408;0;0;0;0;0;0;0;0;0;0;0;0;0
-14982;-5.5409604549408;0;0;0;0;0;0;0;0;0;0;0;0;0
-14981;-4.6409604549407995;0;0;0;0;0;0;0;0;0;0;0;0;0
-14980;-5.4409604549408;0;0;0;0;0;0;0;0;0;0;0;0;0
-14979;-3.3409604549407996;0;0;0;0;0;0;0;0;0;0;0;0;0
-14978;-4.4409604549408;0;0;0;0;0;0;0;0;0;0;0;0;0
-14977;-5.1409604549407995;0;0;0;0;0;0;0;0;0;0;0;0;0
-14976;-5.0409604549408;0;0;0;0;0;0;0;0;0;0;0;0;0
-14975;-4.0409604549408;0;0;0;0;0;0;0;0;0;0;0;0;0
-14974;-4.6409604549407995;0;0;0;0;0;0;0;0;0;0;0;0;0
-14973;-5.8409604549408005;0;0;0;0;0;0;0;0;0;0;0;0;0
-14972;-3.9409604549407997;0;0;0;0;0;0;0;0;0;0;0;0;0
-14971;-3.8409604549408;0;0;0;0;0;0;0;0;0;0;0;0;0
-14970;-4.3409604549408005;0;0;0;0;0;0;0;0;0;0;0;0;0
-14969;-5.0409604549408;0;0;0;0;0;0;0;0;0;0;0;0;0
-14968;-3.5409604549408;0;0;0;0;0;0;0;0;0;0;0;0;0
-14967;-4.7409604549408;0;0;0;0;0;0;0;0;0;0;0;0;0
-14966;-4.3409604549408005;0;0;0;0;0;0;0;0;0;0;0;0;0
-14965;-6.1409604549407995;0;0;0;0;0;0;0;0;0;0;0;0;0
-14964;-5.1409604549407995;0;0;0;0;0;0;0;0;0;0;0;0;0
-14963;-4.1409604549407995;0;0;0;0;0;0;0;0;0;0;0;0;0
-14962;-3.7409604549408;0;0;0;0;0;0;0;0;0;0;0;0;0
-14961;-3.0409604549408;0;0;0;0;0;0;0;0;0;0;0;0;0
-14960;-3.4409604549408;0;0;0;0;0;0;0;0;0;0;0;0;0
-14959;-4.1409604549407995;0;0;0;0;0;0;0;0;0;0;0;0;0
-14958;-3.4409604549408;0;0;0;0;0;0;0;0;0;0;0;0;0
-14957;-3.9409604549407997;0;0;0;0;0;0;0;0;0;0;0;0;0
-14956;-3.7409604549408;0;0;0;0;0;0;0;0;0;0;0;0;0
-14955;-4.7409604549408;0;0;0;0;0;0;0;0;0;0;0;0;0
-14954;-3.6409604549408;0;0;0;0;0;0;0;0;0;0;0;0;0
-14953;-4.8409604549408005;0;0;0;0;0;0;0;0;0;0;0;0;0
-14952;-3.5409604549408;0;0;0;0;0;0;0;0;0;0;0;0;0
-14951;-2.5409604549408;0;0;0;0;0;0;0;0;0;0;0;0;0
-14950;-2.6409604549408;0;0;0;0;0;0;0;0;0;0;0;0;0
-14949;-3.9409604549407997;0;0;0;0;0;0;0;0;0;0;0;0;0
-14948;-4.6409604549407995;0;0;0;0;0;0;0;0;0;0;0;0;0
-14947;-4.9409604549408;0;0;0;0;0;0;0;0;0;0;0;0;0
-14946;-4.5409604549408;0;0;0;0;0;0;0;0;0;0;0;0;0
-14945;-4.5409604549408;0;0;0;0;0;0;0;0;0;0;0;0;0
-14944;-3.4409604549408;0;0;0;0;0;0;0;0;0;0;0;0;0
-14943;-3.3409604549407996;0;0;0;0;0;0;0;0;0;0;0;0;0
-14942;-3.7409604549408;0;0;0;0;0;0;0;0;0;0;0;0;0
-14941;-3.0409604549408;0;0;0;0;0;0;0;0;0;0;0;0;0
-14940;-3.4409604549408;0;0;0;0;0;0;0;0;0;0;0;0;0
-14939;-5.2409604549408;0;0;0;0;0;0;0;0;0;0;0;0;0
-14938;-5.2409604549408;0;0;0;0;0;0;0;0;0;0;0;0;0
-14937;-5.9409604549408;0;0;0;0;0;0;0;0;0;0;0;0;0
-14936;-4.1409604549407995;0;0;0;0;0;0;0;0;0;0;0;0;0
-14935;-5.1409604549407995;0;0;0;0;0;0;0;0;0;0;0;0;0
-14934;-5.6409604549407995;0;0;0;0;0;0;0;0;0;0;0;0;0
-14933;-4.6409604549407995;0;0;0;0;0;0;0;0;0;0;0;0;0
-14932;-4.2409604549408;0;0;0;0;0;0;0;0;0;0;0;0;0
-14931;-5.4409604549408;0;0;0;0;0;0;0;0;0;0;0;0;0
-14930;-4.7409604549408;0;0;0;0;0;0;0;0;0;0;0;0;0
-14929;-4.3409604549408005;0;0;0;0;0;0;0;0;0;0;0;0;0
-14928;-5.0409604549408;0;0;0;0;0;0;0;0;0;0;0;0;0
-14927;-3.8409604549408;0;0;0;0;0;0;0;0;0;0;0;0;0
-14926;-5.2409604549408;0;0;0;0;0;0;0;0;0;0;0;0;0
-14925;-4.4409604549408;0;0;0;0;0;0;0;0;0;0;0;0;0
-14924;-3.9409604549407997;0;0;0;0;0;0;0;0;0;0;0;0;0
-14923;-4.5409604549408;0;0;0;0;0;0;0;0;0;0;0;0;0
-14922;-5.4409604549408;0;0;0;0;0;0;0;0;0;0;0;0;0
-14921;-4.8409604549408005;0;0;0;0;0;0;0;0;0;0;0;0;0
-14920;-4.2409604549408;0;0;0;0;0;0;0;0;0;0;0;0;0
-14919;-5.4409604549408;0;0;0;0;0;0;0;0;0;0;0;0;0
-14918;-2.4409604549408;0;0;0;0;0;0;0;0;0;0;0;0;0
-14917;-3.4409604549408;0;0;0;0;0;0;0;0;0;0;0;0;0
-14916;-2.3409604549407996;0;0;0;0;0;0;0;0;0;0;0;0;0
-14915;-3.1409604549408;0;0;0;0;0;0;0;0;0;0;0;0;0
-14914;-4.1409604549407995;0;0;0;0;0;0;0;0;0;0;0;0;0
-14913;-4.5409604549408;0;0;0;0;0;0;0;0;0;0;0;0;0
-14912;-5.3409604549408005;0;0;0;0;0;0;0;0;0;0;0;0;0
-14911;-3.6409604549408;0;0;0;0;0;0;0;0;0;0;0;0;0
-14910;-4.5409604549408;0;0;0;0;0;0;0;0;0;0;0;0;0
-14909;-4.9409604549408;0;0;0;0;0;0;0;0;0;0;0;0;0
-14908;-4.6409604549407995;0;0;0;0;0;0;0;0;0;0;0;0;0
-14907;-3.7409604549408;0;0;0;0;0;0;0;0;0;0;0;0;0
-14906;-4.6409604549407995;0;0;0;0;0;0;0;0;0;0;0;0;0
-14905;-5.0409604549408;0;0;0;0;0;0;0;0;0;0;0;0;0
-14904;-5.3409604549408005;0;0;0;0;0;0;0;0;0;0;0;0;0
-14903;-4.8409604549408005;0;0;0;0;0;0;0;0;0;0;0;0;0
-14902;-4.0409604549408;0;0;0;0;0;0;0;0;0;0;0;0;0
-14901;-3.6409604549408;0;0;0;0;0;0;0;0;0;0;0;0;0
-14900;-4.5409604549408;0;0;0;0;0;0;0;0;0;0;0;0;0
-14899;-5.4409604549408;0;0;0;0;0;0;0;0;0;0;0;0;0
-14898;-6.740960454940799;0;0;0;0;0;0;0;0;0;0;0;0;0
-14897;-5.2409604549408;0;0;0;0;0;0;0;0;0;0;0;0;0
-14896;-5.8409604549408005;0;0;0;0;0;0;0;0;0;0;0;0;0
-14895;-3.8409604549408;0;0;0;0;0;0;0;0;0;0;0;0;0
-14894;-5.3409604549408005;0;0;0;0;0;0;0;0;0;0;0;0;0
-14893;-4.6409604549407995;0;0;0;0;0;0;0;0;0;0;0;0;0
-14892;-4.8409604549408005;0;0;0;0;0;0;0;0;0;0;0;0;0
-14891;-5.2409604549408;0;0;0;0;0;0;0;0;0;0;0;0;0
-14890;-5.4409604549408;0;0;0;0;0;0;0;0;0;0;0;0;0
-14889;-5.1409604549407995;0;0;0;0;0;0;0;0;0;0;0;0;0
-14888;-4.1409604549407995;0;0;0;0;0;0;0;0;0;0;0;0;0
-14887;-3.6409604549408;0;0;0;0;0;0;0;0;0;0;0;0;0
-14886;-5.9409604549408;0;0;0;0;0;0;0;0;0;0;0;0;0
-14885;-3.4409604549408;0;0;0;0;0;0;0;0;0;0;0;0;0
-14884;-4.7409604549408;0;0;0;0;0;0;0;0;0;0;0;0;0
-14883;-4.7409604549408;0;0;0;0;0;0;0;0;0;0;0;0;0
-14882;-5.2409604549408;0;0;0;0;0;0;0;0;0;0;0;0;0
-14881;-5.3409604549408005;0;0;0;0;0;0;0;0;0;0;0;0;0
-14880;-4.7409604549408;0;0;0;0;0;0;0;0;0;0;0;0;0
-14879;-2.7409604549408;0;0;0;0;0;0;0;0;0;0;0;0;0
-14878;-3.9409604549407997;0;0;0;0;0;0;0;0;0;0;0;0;0
-14877;-3.6409604549408;0;0;0;0;0;0;0;0;0;0;0;0;0
-14876;-3.3409604549407996;0;0;0;0;0;0;0;0;0;0;0;0;0
-14875;-4.2409604549408;0;0;0;0;0;0;0;0;0;0;0;0;0
-14874;-4.3409604549408005;0;0;0;0;0;0;0;0;0;0;0;0;0
-14873;-5.6409604549407995;0;0;0;0;0;0;0;0;0;0;0;0;0
-14872;-4.0409604549408;0;0;0;0;0;0;0;0;0;0;0;0;0
-14871;-3.7409604549408;0;0;0;0;0;0;0;0;0;0;0;0;0
-14870;-3.8409604549408;0;0;0;0;0;0;0;0;0;0;0;0;0
-14869;-5.5409604549408;0;0;0;0;0;0;0;0;0;0;0;0;0
-14868;-5.5409604549408;0;0;0;0;0;0;0;0;0;0;0;0;0
-14867;-4.9409604549408;0;0;0;0;0;0;0;0;0;0;0;0;0
-14866;-3.9409604549407997;0;0;0;0;0;0;0;0;0;0;0;0;0
-14865;-4.5409604549408;0;0;0;0;0;0;0;0;0;0;0;0;0
-14864;-3.7409604549408;0;0;0;0;0;0;0;0;0;0;0;0;0
-14863;-4.1409604549407995;0;0;0;0;0;0;0;0;0;0;0;0;0
-14862;-3.9409604549407997;0;0;0;0;0;0;0;0;0;0;0;0;0
-14861;-4.7409604549408;0;0;0;0;0;0;0;0;0;0;0;0;0
-14860;-4.1409604549407995;0;0;0;0;0;0;0;0;0;0;0;0;0
-14859;-4.5409604549408;0;0;0;0;0;0;0;0;0;0;0;0;0
-14858;-3.4409604549408;0;0;0;0;0;0;0;0;0;0;0;0;0
-14857;-5.1409604549407995;0;0;0;0;0;0;0;0;0;0;0;0;0
-14856;-4.3409604549408005;0;0;0;0;0;0;0;0;0;0;0;0;0
-14855;-3.4409604549408;0;0;0;0;0;0;0;0;0;0;0;0;0
-14854;-4.9409604549408;0;0;0;0;0;0;0;0;0;0;0;0;0
-14853;-4.5409604549408;0;0;0;0;0;0;0;0;0;0;0;0;0
-14852;-4.1409604549407995;0;0;0;0;0;0;0;0;0;0;0;0;0
-14851;-4.6409604549407995;0;0;0;0;0;0;0;0;0;0;0;0;0
-14850;-4.3409604549408005;0;0;0;0;0;0;0;0;0;0;0;0;0
-14849;-5.4409604549408;0;0;0;0;0;0;0;0;0;0;0;0;0
-14848;-4.5409604549408;0;0;0;0;0;0;0;0;0;0;0;0;0
-14847;-4.2409604549408;0;0;0;0;0;0;0;0;0;0;0;0;0
-14846;-4.2409604549408;0;0;0;0;0;0;0;0;0;0;0;0;0
-14845;-5.1409604549407995;0;0;0;0;0;0;0;0;0;0;0;0;0
-14844;-4.3409604549408005;0;0;0;0;0;0;0;0;0;0;0;0;0
-14843;-3.9409604549407997;0;0;0;0;0;0;0;0;0;0;0;0;0
-14842;-5.0409604549408;0;0;0;0;0;0;0;0;0;0;0;0;0
-14841;-5.1409604549407995;0;0;0;0;0;0;0;0;0;0;0;0;0
-14840;-4.6409604549407995;0;0;0;0;0;0;0;0;0;0;0;0;0
-14839;-3.7409604549408;0;0;0;0;0;0;0;0;0;0;0;0;0
-14838;-4.3409604549408005;0;0;0;0;0;0;0;0;0;0;0;0;0
-14837;-3.6409604549408;0;0;0;0;0;0;0;0;0;0;0;0;0
-14836;-4.1409604549407995;0;0;0;0;0;0;0;0;0;0;0;0;0
-14835;-4.9409604549408;0;0;0;0;0;0;0;0;0;0;0;0;0
-14834;-4.2409604549408;0;0;0;0;0;0;0;0;0;0;0;0;0
-14833;-2.7409604549408;0;0;0;0;0;0;0;0;0;0;0;0;0
-14832;-4.6409604549407995;0;0;0;0;0;0;0;0;0;0;0;0;0
-14831;-4.7409604549408;0;0;0;0;0;0;0;0;0;0;0;0;0
-14830;-3.5409604549408;0;0;0;0;0;0;0;0;0;0;0;0;0
-14829;-3.7409604549408;0;0;0;0;0;0;0;0;0;0;0;0;0
-14828;-3.5409604549408;0;0;0;0;0;0;0;0;0;0;0;0;0
-14827;-4.0409604549408;0;0;0;0;0;0;0;0;0;0;0;0;0
-14826;-4.3409604549408005;0;0;0;0;0;0;0;0;0;0;0;0;0
-14825;-4.6409604549407995;0;0;0;0;0;0;0;0;0;0;0;0;0
-14824;-3.7409604549408;0;0;0;0;0;0;0;0;0;0;0;0;0
-14823;-3.6409604549408;0;0;0;0;0;0;0;0;0;0;0;0;0
-14822;-5.3409604549408005;0;0;0;0;0;0;0;0;0;0;0;0;0
-14821;-4.2409604549408;0;0;0;0;0;0;0;0;0;0;0;0;0
-14820;-5.4409604549408;0;0;0;0;0;0;0;0;0;0;0;0;0
-14819;-4.8409604549408005;0;0;0;0;0;0;0;0;0;0;0;0;0
-14818;-4.7409604549408;0;0;0;0;0;0;0;0;0;0;0;0;0
-14817;-4.2409604549408;0;0;0;0;0;0;0;0;0;0;0;0;0
-14816;-4.9409604549408;0;0;0;0;0;0;0;0;0;0;0;0;0
-14815;-4.2409604549408;0;0;0;0;0;0;0;0;0;0;0;0;0
-14814;-3.6409604549408;0;0;0;0;0;0;0;0;0;0;0;0;0
-14813;-5.0409604549408;0;0;0;0;0;0;0;0;0;0;0;0;0
-14812;-4.2409604549408;0;0;0;0;0;0;0;0;0;0;0;0;0
-14811;-4.9409604549408;0;0;0;0;0;0;0;0;0;0;0;0;0
-14810;-4.8409604549408005;0;0;0;0;0;0;0;0;0;0;0;0;0
-14809;-3.6409604549408;0;0;0;0;0;0;0;0;0;0;0;0;0
-14808;-4.5409604549408;0;0;0;0;0;0;0;0;0;0;0;0;0
-14807;-4.7409604549408;0;0;0;0;0;0;0;0;0;0;0;0;0
-14806;-4.1409604549407995;0;0;0;0;0;0;0;0;0;0;0;0;0
-14805;-4.6409604549407995;0;0;0;0;0;0;0;0;0;0;0;0;0
-14804;-4.0409604549408;0;0;0;0;0;0;0;0;0;0;0;0;0
-14803;-5.3409604549408005;0;0;0;0;0;0;0;0;0;0;0;0;0
-14802;-4.8409604549408005;0;0;0;0;0;0;0;0;0;0;0;0;0
-14801;-4.5409604549408;0;0;0;0;0;0;0;0;0;0;0;0;0
-14800;-5.9409604549408;0;0;0;0;0;0;0;0;0;0;0;0;0
-14799;-4.3409604549408005;0;0;0;0;0;0;0;0;0;0;0;0;0
-14798;-3.9409604549407997;0;0;0;0;0;0;0;0;0;0;0;0;0
-14797;-5.2409604549408;0;0;0;0;0;0;0;0;0;0;0;0;0
-14796;-5.3409604549408005;0;0;0;0;0;0;0;0;0;0;0;0;0
-14795;-5.6409604549407995;0;0;0;0;0;0;0;0;0;0;0;0;0
-14794;-5.4409604549408;0;0;0;0;0;0;0;0;0;0;0;0;0
-14793;-3.6409604549408;0;0;0;0;0;0;0;0;0;0;0;0;0
-14792;-4.3409604549408005;0;0;0;0;0;0;0;0;0;0;0;0;0
-14791;-3.5409604549408;0;0;0;0;0;0;0;0;0;0;0;0;0
-14790;-4.9409604549408;0;0;0;0;0;0;0;0;0;0;0;0;0
-14789;-3.8409604549408;0;0;0;0;0;0;0;0;0;0;0;0;0
-14788;-3.9409604549407997;0;0;0;0;0;0;0;0;0;0;0;0;0
-14787;-4.0409604549408;0;0;0;0;0;0;0;0;0;0;0;0;0
-14786;-3.5409604549408;0;0;0;0;0;0;0;0;0;0;0;0;0
-14785;-2.7409604549408;0;0;0;0;0;0;0;0;0;0;0;0;0
-14784;-4.5409604549408;0;0;0;0;0;0;0;0;0;0;0;0;0
-14783;-5.3409604549408005;0;0;0;0;0;0;0;0;0;0;0;0;0
-14782;-4.4409604549408;0;0;0;0;0;0;0;0;0;0;0;0;0
-14781;-4.1409604549407995;0;0;0;0;0;0;0;0;0;0;0;0;0
-14780;-4.5409604549408;0;0;0;0;0;0;0;0;0;0;0;0;0
-14779;-3.5409604549408;0;0;0;0;0;0;0;0;0;0;0;0;0
-14778;-4.9409604549408;0;0;0;0;0;0;0;0;0;0;0;0;0
-14777;-3.3409604549407996;0;0;0;0;0;0;0;0;0;0;0;0;0
-14776;-4.0409604549408;0;0;0;0;0;0;0;0;0;0;0;0;0
-14775;-3.8409604549408;0;0;0;0;0;0;0;0;0;0;0;0;0
-14774;-4.7409604549408;0;0;0;0;0;0;0;0;0;0;0;0;0
-14773;-3.1409604549408;0;0;0;0;0;0;0;0;0;0;0;0;0
-14772;-4.1409604549407995;0;0;0;0;0;0;0;0;0;0;0;0;0
-14771;-4.7409604549408;0;0;0;0;0;0;0;0;0;0;0;0;0
-14770;-3.9409604549407997;0;0;0;0;0;0;0;0;0;0;0;0;0
-14769;-3.5409604549408;0;0;0;0;0;0;0;0;0;0;0;0;0
-14768;-3.1409604549408;0;0;0;0;0;0;0;0;0;0;0;0;0
-14767;-2.8409604549407996;0;0;0;0;0;0;0;0;0;0;0;0;0
-14766;-4.2409604549408;0;0;0;0;0;0;0;0;0;0;0;0;0
-14765;-4.6409604549407995;0;0;0;0;0;0;0;0;0;0;0;0;0
-14764;-5.5409604549408;0;0;0;0;0;0;0;0;0;0;0;0;0
-14763;-4.9409604549408;0;0;0;0;0;0;0;0;0;0;0;0;0
-14762;-4.9409604549408;0;0;0;0;0;0;0;0;0;0;0;0;0
-14761;-4.8409604549408005;0;0;0;0;0;0;0;0;0;0;0;0;0
-14760;-5.2409604549408;0;0;0;0;0;0;0;0;0;0;0;0;0
-14759;-5.6409604549407995;0;0;0;0;0;0;0;0;0;0;0;0;0
-14758;-5.740960454940799;0;0;0;0;0;0;0;0;0;0;0;0;0
-14757;-4.2409604549408;0;0;0;0;0;0;0;0;0;0;0;0;0
-14756;-4.6409604549407995;0;0;0;0;0;0;0;0;0;0;0;0;0
-14755;-4.9409604549408;0;0;0;0;0;0;0;0;0;0;0;0;0
-14754;-5.1409604549407995;0;0;0;0;0;0;0;0;0;0;0;0;0
-14753;-4.8409604549408005;0;0;0;0;0;0;0;0;0;0;0;0;0
-14752;-5.2409604549408;0;0;0;0;0;0;0;0;0;0;0;0;0
-14751;-5.740960454940799;0;0;0;0;0;0;0;0;0;0;0;0;0
-14750;-6.0409604549408;0;0;0;0;0;0;0;0;0;0;0;0;0
-14749;-4.2409604549408;0;0;0;0;0;0;0;0;0;0;0;0;0
-14748;-4.1409604549407995;0;0;0;0;0;0;0;0;0;0;0;0;0
-14747;-4.9409604549408;0;0;0;0;0;0;0;0;0;0;0;0;0
-14746;-4.2409604549408;0;0;0;0;0;0;0;0;0;0;0;0;0
-14745;-4.1409604549407995;0;0;0;0;0;0;0;0;0;0;0;0;0
-14744;-4.1409604549407995;0;0;0;0;0;0;0;0;0;0;0;0;0
-14743;-5.2409604549408;0;0;0;0;0;0;0;0;0;0;0;0;0
-14742;-4.5409604549408;0;0;0;0;0;0;0;0;0;0;0;0;0
-14741;-4.1409604549407995;0;0;0;0;0;0;0;0;0;0;0;0;0
-14740;-4.4409604549408;0;0;0;0;0;0;0;0;0;0;0;0;0
-14739;-4.1409604549407995;0;0;0;0;0;0;0;0;0;0;0;0;0
-14738;-5.6409604549407995;0;0;0;0;0;0;0;0;0;0;0;0;0
-14737;-4.5409604549408;0;0;0;0;0;0;0;0;0;0;0;0;0
-14736;-4.6409604549407995;0;0;0;0;0;0;0;0;0;0;0;0;0
-14735;-3.9409604549407997;0;0;0;0;0;0;0;0;0;0;0;0;0
-14734;-3.8409604549408;0;0;0;0;0;0;0;0;0;0;0;0;0
-14733;-5.0409604549408;0;0;0;0;0;0;0;0;0;0;0;0;0
-14732;-5.1409604549407995;0;0;0;0;0;0;0;0;0;0;0;0;0
-14731;-3.7409604549408;0;0;0;0;0;0;0;0;0;0;0;0;0
-14730;-4.4409604549408;0;0;0;0;0;0;0;0;0;0;0;0;0
-14729;-3.6409604549408;0;0;0;0;0;0;0;0;0;0;0;0;0
-14728;-4.6409604549407995;0;0;0;0;0;0;0;0;0;0;0;0;0
-14727;-4.7409604549408;0;0;0;0;0;0;0;0;0;0;0;0;0
-14726;-4.5409604549408;0;0;0;0;0;0;0;0;0;0;0;0;0
-14725;-4.0409604549408;0;0;0;0;0;0;0;0;0;0;0;0;0
-14724;-5.0409604549408;0;0;0;0;0;0;0;0;0;0;0;0;0
-14723;-5.2409604549408;0;0;0;0;0;0;0;0;0;0;0;0;0
-14722;-3.9409604549407997;0;0;0;0;0;0;0;0;0;0;0;0;0
-14721;-3.5409604549408;0;0;0;0;0;0;0;0;0;0;0;0;0
-14720;-3.9409604549407997;0;0;0;0;0;0;0;0;0;0;0;0;0
-14719;-4.1409604549407995;0;0;0;0;0;0;0;0;0;0;0;0;0
-14718;-3.9409604549407997;0;0;0;0;0;0;0;0;0;0;0;0;0
-14717;-2.6409604549408;0;0;0;0;0;0;0;0;0;0;0;0;0
-14716;-3.7409604549408;0;0;0;0;0;0;0;0;0;0;0;0;0
-14715;-4.9409604549408;0;0;0;0;0;0;0;0;0;0;0;0;0
-14714;-4.7409604549408;0;0;0;0;0;0;0;0;0;0;0;0;0
-14713;-4.3409604549408005;0;0;0;0;0;0;0;0;0;0;0;0;0
-14712;-3.8409604549408;0;0;0;0;0;0;0;0;0;0;0;0;0
-14711;-3.8409604549408;0;0;0;0;0;0;0;0;0;0;0;0;0
-14710;-4.2409604549408;0;0;0;0;0;0;0;0;0;0;0;0;0
-14709;-2.8409604549407996;0;0;0;0;0;0;0;0;0;0;0;0;0
-14708;-2.9409604549408;0;0;0;0;0;0;0;0;0;0;0;0;0
-14707;-4.1409604549407995;0;0;0;0;0;0;0;0;0;0;0;0;0
-14706;-5.2409604549408;0;0;0;0;0;0;0;0;0;0;0;0;0
-14705;-5.2409604549408;0;0;0;0;0;0;0;0;0;0;0;0;0
-14704;-5.0409604549408;0;0;0;0;0;0;0;0;0;0;0;0;0
-14703;-4.4409604549408;0;0;0;0;0;0;0;0;0;0;0;0;0
-14702;-3.6409604549408;0;0;0;0;0;0;0;0;0;0;0;0;0
-14701;-5.2409604549408;0;0;0;0;0;0;0;0;0;0;0;0;0
-14700;-4.4409604549408;0;0;0;0;0;0;0;0;0;0;0;0;0
-14699;-4.0409604549408;0;0;0;0;0;0;0;0;0;0;0;0;0
-14698;-4.6409604549407995;0;0;0;0;0;0;0;0;0;0;0;0;0
-14697;-4.8409604549408005;0;0;0;0;0;0;0;0;0;0;0;0;0
-14696;-3.6409604549408;0;0;0;0;0;0;0;0;0;0;0;0;0
-14695;-4.2409604549408;0;0;0;0;0;0;0;0;0;0;0;0;0
-14694;-3.8409604549408;0;0;0;0;0;0;0;0;0;0;0;0;0
-14693;-4.6409604549407995;0;0;0;0;0;0;0;0;0;0;0;0;0
-14692;-6.1409604549407995;0;0;0;0;0;0;0;0;0;0;0;0;0
-14691;-4.6409604549407995;0;0;0;0;0;0;0;0;0;0;0;0;0
-14690;-3.4409604549408;0;0;0;0;0;0;0;0;0;0;0;0;0
-14689;-4.7409604549408;0;0;0;0;0;0;0;0;0;0;0;0;0
-14688;-3.6409604549408;0;0;0;0;0;0;0;0;0;0;0;0;0
-14687;-2.8409604549407996;0;0;0;0;0;0;0;0;0;0;0;0;0
-14686;-3.2409604549408;0;0;0;0;0;0;0;0;0;0;0;0;0
-14685;-4.4409604549408;0;0;0;0;0;0;0;0;0;0;0;0;0
-14684;-3.7409604549408;0;0;0;0;0;0;0;0;0;0;0;0;0
-14683;-6.0409604549408;0;0;0;0;0;0;0;0;0;0;0;0;0
-14682;-3.7409604549408;0;0;0;0;0;0;0;0;0;0;0;0;0
-14681;-3.6409604549408;0;0;0;0;0;0;0;0;0;0;0;0;0
-14680;-3.4409604549408;0;0;0;0;0;0;0;0;0;0;0;0;0
-14679;-4.0409604549408;0;0;0;0;0;0;0;0;0;0;0;0;0
-14678;-3.4409604549408;0;0;0;0;0;0;0;0;0;0;0;0;0
-14677;-3.3409604549407996;0;0;0;0;0;0;0;0;0;0;0;0;0
-14676;-4.0409604549408;0;0;0;0;0;0;0;0;0;0;0;0;0
-14675;-3.5409604549408;0;0;0;0;0;0;0;0;0;0;0;0;0
-14674;-3.7409604549408;0;0;0;0;0;0;0;0;0;0;0;0;0
-14673;-3.0409604549408;0;0;0;0;0;0;0;0;0;0;0;0;0
-14672;-3.8409604549408;0;0;0;0;0;0;0;0;0;0;0;0;0
-14671;-4.5409604549408;0;0;0;0;0;0;0;0;0;0;0;0;0
-14670;-3.7409604549408;0;0;0;0;0;0;0;0;0;0;0;0;0
-14669;-4.9409604549408;0;0;0;0;0;0;0;0;0;0;0;0;0
-14668;-3.2409604549408;0;0;0;0;0;0;0;0;0;0;0;0;0
-14667;-2.4409604549408;0;0;0;0;0;0;0;0;0;0;0;0;0
-14666;-1.9409604549408;0;0;0;0;0;0;0;0;0;0;0;0;0
-14665;-3.5409604549408;0;0;0;0;0;0;0;0;0;0;0;0;0
-14664;-3.5409604549408;0;0;0;0;0;0;0;0;0;0;0;0;0
-14663;-3.1409604549408;0;0;0;0;0;0;0;0;0;0;0;0;0
-14662;-3.1409604549408;0;0;0;0;0;0;0;0;0;0;0;0;0
-14661;-2.6409604549408;0;0;0;0;0;0;0;0;0;0;0;0;0
-14660;-3.0409604549408;0;0;0;0;0;0;0;0;0;0;0;0;0
-14659;-2.0409604549408;0;0;0;0;0;0;0;0;0;0;0;0;0
-14658;-3.0409604549408;0;0;0;0;0;0;0;0;0;0;0;0;0
-14657;-1.9409604549408;0;0;0;0;0;0;0;0;0;0;0;0;0
-14656;-2.5409604549408;0;0;0;0;0;0;0;0;0;0;0;0;0
-14655;-3.0409604549408;0;0;0;0;0;0;0;0;0;0;0;0;0
-14654;-1.2409604549408;0;0;0;0;0;0;0;0;0;0;0;0;0
-14653;-2.0409604549408;0;0;0;0;0;0;0;0;0;0;0;0;0
-14652;-2.0409604549408;0;0;0;0;0;0;0;0;0;0;0;0;0
-14651;-2.9409604549408;0;0;0;0;0;0;0;0;0;0;0;0;0
-14650;-3.3409604549407996;0;0;0;0;0;0;0;0;0;0;0;0;0
-14649;-3.9409604549407997;0;0;0;0;0;0;0;0;0;0;0;0;0
-14648;-1.8409604549407999;0;0;0;0;0;0;0;0;0;0;0;0;0
-14647;-1.9409604549408;0;0;0;0;0;0;0;0;0;0;0;0;0
-14646;-2.8409604549407996;0;0;0;0;0;0;0;0;0;0;0;0;0
-14645;-3.0409604549408;0;0;0;0;0;0;0;0;0;0;0;0;0
-14644;-2.6409604549408;0;0;0;0;0;0;0;0;0;0;0;0;0
-14643;-3.9409604549407997;0;0;0;0;0;0;0;0;0;0;0;0;0
-14642;-2.6409604549408;0;0;0;0;0;0;0;0;0;0;0;0;0
-14641;-1.8409604549407999;0;0;0;0;0;0;0;0;0;0;0;0;0
-14640;-1.9409604549408;0;0;0;0;0;0;0;0;0;0;0;0;0
-14639;-2.4409604549408;0;0;0;0;0;0;0;0;0;0;0;0;0
-14638;-2.6409604549408;0;0;0;0;0;0;0;0;0;0;0;0;0
-14637;-2.7409604549408;0;0;0;0;0;0;0;0;0;0;0;0;0
-14636;-2.7409604549408;0;0;0;0;0;0;0;0;0;0;0;0;0
-14635;-2.9409604549408;0;0;0;0;0;0;0;0;0;0;0;0;0
-14634;-2.5409604549408;0;0;0;0;0;0;0;0;0;0;0;0;0
-14633;-2.2409604549408;0;0;0;0;0;0;0;0;0;0;0;0;0
-14632;-1.4409604549408;0;0;0;0;0;0;0;0;0;0;0;0;0
-14631;-1.3409604549407999;0;0;0;0;0;0;0;0;0;0;0;0;0
-14630;-2.2409604549408;0;0;0;0;0;0;0;0;0;0;0;0;0
-14629;-2.8409604549407996;0;0;0;0;0;0;0;0;0;0;0;0;0
-14628;-2.6409604549408;0;0;0;0;0;0;0;0;0;0;0;0;0
-14627;-1.7409604549408;0;0;0;0;0;0;0;0;0;0;0;0;0
-14626;-2.0409604549408;0;0;0;0;0;0;0;0;0;0;0;0;0
-14625;-2.8409604549407996;0;0;0;0;0;0;0;0;0;0;0;0;0
-14624;-3.6409604549408;0;0;0;0;0;0;0;0;0;0;0;0;0
-14623;-3.1409604549408;0;0;0;0;0;0;0;0;0;0;0;0;0
-14622;-2.2409604549408;0;0;0;0;0;0;0;0;0;0;0;0;0
-14621;-2.2409604549408;0;0;0;0;0;0;0;0;0;0;0;0;0
-14620;-2.2409604549408;0;0;0;0;0;0;0;0;0;0;0;0;0
-14619;-2.1409604549408;0;0;0;0;0;0;0;0;0;0;0;0;0
-14618;-2.5409604549408;0;0;0;0;0;0;0;0;0;0;0;0;0
-14617;-1.4409604549408;0;0;0;0;0;0;0;0;0;0;0;0;0
-14616;-1.9409604549408;0;0;0;0;0;0;0;0;0;0;0;0;0
-14615;-1.0409604549407998;0;0;0;0;0;0;0;0;0;0;0;0;0
-14614;-2.2409604549408;0;0;0;0;0;0;0;0;0;0;0;0;0
-14613;-2.7409604549408;0;0;0;0;0;0;0;0;0;0;0;0;0
-14612;-3.4409604549408;0;0;0;0;0;0;0;0;0;0;0;0;0
-14611;-2.7409604549408;0;0;0;0;0;0;0;0;0;0;0;0;0
-14610;-2.9409604549408;0;0;0;0;0;0;0;0;0;0;0;0;0
-14609;-3.1409604549408;0;0;0;0;0;0;0;0;0;0;0;0;0
-14608;-3.2409604549408;0;0;0;0;0;0;0;0;0;0;0;0;0
-14607;-2.1409604549408;0;0;0;0;0;0;0;0;0;0;0;0;0
-14606;-2.5409604549408;0;0;0;0;0;0;0;0;0;0;0;0;0
